{
    "accuracy": 0.6798780487804879,
    "precision": 0.6328125,
    "recall": 0.3319672131147541,
    "f1_score": 0.43548387096774194
}